local-authority-code,x,y,long,lat
ABC,110637.83710267965,506234.41480476985,54.36919159394883,-6.456724092266463
ABD,361954.71324754396,816889.2595710113,57.24111852952641,-2.631990989926155
ABE,389594.7357431648,807225.0018507764,57.15577518068948,-2.1736362601948294
ADU,519886.50974006584,106369.86380782105,50.844441271809465,-0.29853079785066283
AGB,182369.84762184558,697657.5719309921,56.121897301172176,-5.5027949718846205
AGY,241807.6989328561,379186.95567492914,53.2859774445482,-4.374488295194839
ALL,319741.6344062208,535833.9599791213,54.71108952940033,-3.2472347297148736
AMB,435866.7104758255,348127.29572727194,53.02923578798895,-1.4666587371164486
AND,165299.0893164665,521506.1252817658,54.53427958142684,-5.6293125548116505
ANN,129657.42279018859,542178.0456382603,54.70179484730147,-6.197767962713325
ANS,343953.35669542465,759519.29879757,56.72396259493627,-2.917443202168784
ARU,500910.10081213224,105570.74142169728,50.84087482329936,-0.5681884889528159
ASF,596821.440774578,139981.70952142568,51.12529509104035,0.8112981989241088
ASH,449710.9387486102,355261.7538508405,53.09225848020578,-1.2591513420286131
BAB,599993.9182273677,243148.56657527536,52.05062705050395,0.9153154171142276
BAE,469427.452648237,382267.20971090166,53.33277073113091,-0.9589166216011291
BAI,570944.0180218031,190801.49547749173,51.59013206565409,0.4662938386691312
BAN,455837.0175107629,153004.19474059186,51.27345898373285,-1.2009435842572471
BAR,320873.678340759,470757.3800064246,54.126557340666345,-3.2122852054860997
BAS,367002.9738494389,161986.4838731386,51.35598528238205,-2.475256294617867
BBD,369223.83412568393,421897.90987110056,53.69261245008202,-2.4675476946208126
BDF,504204.77331302146,255641.44786357463,52.18918053057245,-0.4770824350213
BDG,548019.5127589743,184942.36071407102,51.54397116248155,0.13316402463361782
BEN,520178.0059654989,185828.93640740175,51.55854916343554,-0.2678095362801607
BEX,548926.4174995912,175721.99237150248,51.46088630809562,0.14234309493389688
BFS,145414.58544057442,529500.1963264376,54.596349107275046,-5.942816284418816
BGE,289145.1734093607,185321.08001962738,51.555846820879665,-3.600387801234953
BGW,317714.1179837522,208236.8837835009,51.76673994972447,-3.193818628755711
BIR,408598.28317380295,287855.29419141787,52.48854726877568,-1.874802373006662
BLA,452828.0784536151,297360.2772443586,52.571507634482245,-1.2219618985461445
BNE,524028.1327467736,192316.49598786086,51.616019902950086,-0.21000954869961982
BNH,531532.8870965125,106544.7482977504,50.843485095956865,-0.1331354533735592
BNS,431077.5963930826,404459.23164643324,53.535870544281714,-1.5325745833475837
BOL,369178.69379185466,409216.70681088493,53.57863238912571,-2.4669702024726585
BOS,448355.4295133608,368973.510693718,53.215626935521996,-1.2773246815469628
BOT,532894.1983856849,343696.8019287697,52.97415774295703,-0.022346841085716863
BPC,408331.44613043114,94163.61603601949,50.74701827327496,-1.8832767544275935
BPL,331922.11323185853,436206.8274303917,53.817662831154095,-3.035526339791786
BRA,578118.1501007904,230204.72678763582,51.94182898789511,0.5899319151089268
BRC,487751.66546331445,168429.67502733375,51.40811249783455,-0.7397376225054983
BRD,409659.5194840034,438723.9325533343,53.844670463422645,-1.8546713066320164
BRE,592300.7430998121,302683.460988591,52.58792949857004,0.8372758295704289
BRM,399006.38724519894,273744.0325600591,52.361751271889894,-2.0160150230400915
BRO,623778.2974928825,316644.6749220482,52.70119535223855,1.3106173362426619
BRT,449646.37671022443,342373.6080582357,52.976421123234864,-1.262094876957465
BRW,560000.5203520802,195842.87605227358,51.638635129109105,0.31075978982907937
BRX,534962.8937606593,204736.26959711142,51.72511088131843,-0.04737527722791392
BRY,542895.2358312405,165655.19847859125,51.37198136539254,0.051533630101190574
BST,346534.052994608,172922.21528706604,51.45274453311869,-2.770838705597792
BUC,482074.4271585195,210257.0375405786,51.78496412170722,-0.8115708416412193
BUN,385471.7493375477,431423.3954962581,53.778935513498844,-2.2219452918126326
BUR,379407.319773,410185.0089346233,53.58783918019242,-2.3125533829090674
CAB,545867.8395513162,257825.63199582123,52.1993686500059,0.13292340896196536
CAN,401432.603316882,312747.0210385448,52.71238260917647,-1.980231864126481
CAR,348280.98935320723,564332.0793655987,54.97090807108776,-2.80943938058399
CAS,580042.3923390472,185135.55715696307,51.53640846878514,0.5945937763712772
CAT,616404.5192771251,158357.08744750806,51.283226972262185,1.1018038741371656
CAY,316741.26052124915,195629.9271200718,51.65327017312874,-3.204897324206928
CBF,507430.3287012733,235397.85955096743,52.00662956306432,-0.4362919550907491
CCG,106921.96907878875,583614.2233842862,55.06025300100164,-6.5915666961414905
CGN,258591.4364871658,263991.55830313795,52.255868000952276,-4.07313572007993
CHA,457748.991861481,315827.7264112211,52.73700682350879,-1.1461358454775714
CHE,376709.8193074716,364853.88262483024,53.18027089095206,-2.3499425324278875
CHI,488471.04418786906,116083.73382640845,50.93742239927705,-0.7422637516761059
CHL,571445.6071848666,205880.08150845603,51.72542787780269,0.48091595727515285
CHO,357284.38561694074,418528.0609977767,53.661483218279066,-2.6478813276134514
CHR,449874.4051573529,229169.76555791716,51.95878327831902,-1.2755951739539153
CHS,440043.5839731587,373419.76579175366,53.25628073222804,-1.401230942639715
CHT,395003.3099561451,222052.8336694048,51.896999473016216,-2.074022323887118
CHW,350941.3416042136,367261.8096437295,53.2001564783003,-2.7358562336423207
CLD,401851.99753448373,424974.97453690646,53.72117992991813,-1.973412633228741
CLK,291865.59291524295,696675.8285379463,56.1504696749377,-3.7422223804780828
CMD,527864.5071914078,184663.6587422469,51.546388799988435,-0.15741373105552195
CMN,251265.78181151228,224562.15587337883,51.89969703260824,-4.1631782678827935
COL,597043.077259712,223196.2833525481,51.8725217524317,0.8609023195144947
CON,199197.376818615,60015.68136611914,50.405621088625495,-4.8272121847503335
COP,310985.48236727394,502915.7170176651,54.41387081108845,-3.373123146665906
COT,407475.88061447477,213096.81513894149,51.81645164925951,-1.8929521615729046
COV,432760.1424637525,279983.14221652073,52.416868402563544,-1.5197503069602478
CRA,388697.133390183,464892.50442626345,54.07982705502182,-2.174251040107192
CRF,316844.44792925153,179516.76107133602,51.50843842783544,-3.1995849946227457
CRW,527317.2330427628,137814.32552109423,51.12547062504087,-0.18203462283468244
CRY,533289.9780356799,163541.51260152215,51.35532032252435,-0.08716744811775168
CWY,283987.64607388753,361757.05478435085,53.140293701873674,-3.735784303459585
DAC,500761.08943250997,209841.76120345228,51.778182483950204,-0.5408769698948943
DAL,429039.3281580098,517141.5868053971,54.548699129431384,-1.5525869915306274
DAR,556725.30002532,172680.15631056117,51.43145291071959,0.25316777703531756
DEB,420594.1912668209,359042.06739236263,53.12815027934681,-1.6936800671335397
DEN,309416.1821871111,355820.63692762976,53.09188071586327,-3.354094575382163
DER,435849.808318124,335145.36586574645,52.91254467825421,-1.4683439126887445
DGY,274977.859191116,576941.3588371995,55.071142114231236,-3.9595069387119786
DNC,460015.7927933932,405675.84828527767,53.544302096895585,-1.09577019730934
DND,340369.5868809324,732088.7305025868,56.47712254925224,-2.9696602260146077
DOV,629824.2526220905,151038.9770891501,51.21228077260466,1.2892144190524706
DRS,55830.334305712415,560454.2808982215,54.82031594034712,-7.360384985034971
DST,376592.92107194127,100809.89639360756,50.80636608389956,-2.333555874724508
DUD,392712.5939293686,287219.87922144,52.48285066829759,-2.1087361271763
DUR,410416.2000040575,533392.0389134974,54.695458247678815,-1.8399127280188774
EAL,515887.2348913576,181714.91052635087,51.522470987611094,-0.3310288976681463
EAS,559876.7865909097,99853.53302500451,50.77623053873892,0.26622944607740073
EAT,447375.55783858534,115056.57828009479,50.9330194885229,-1.3272006847774496
EAY,253863.09351700783,623679.2523619958,55.48500986132203,-4.314201519306809
ECA,556422.5099567055,274127.3685630243,52.34291759952867,0.29478269764571435
EDE,313755.7521682498,96807.56027017065,50.76442428243673,-3.2242493835224417
EDH,319591.16353778413,671129.9619168874,55.92649397689883,-3.2884043611663585
EDN,359937.831456792,524357.881278546,54.61277864588224,-2.621821122539382
EDU,261146.5227043484,675904.7080869328,55.956033626418396,-4.225559732225505
EHA,473298.70304709644,131099.89853319843,51.07455401161102,-0.9551242078714512
EHE,537239.2133663668,220372.10236900192,51.86505606526352,-0.008257931975708526
ELI,535563.47616404,374404.6239378472,53.24935027000408,0.030333888475305597
ELM,512048.9378067756,163233.3302941881,51.35713226266936,-0.3921725066072539
ELN,355084.66353695357,672324.8463996717,55.94186076408074,-2.720651243558463
ELS,111363.50492735609,901324.479833684,57.90757221336857,-6.874656271118962
ENF,532424.6677179848,196420.8061692869,51.65099149816497,-0.08725446607121452
EPP,548554.9998640656,203311.62692542028,51.708877798505654,0.14866520749126744
EPS,521197.95968686487,161443.1557222459,51.339166856689985,-0.2614484467789336
ERE,444007.05253732216,337765.30066566425,52.93549006326073,-1.3466958469347676
ERW,252014.91636871727,653607.4355403662,55.753138983359335,-4.35951434501978
ERY,499885.55816802965,442381.75364121277,53.86804360591298,-0.48245736646092385
ESK,636441.7766297446,265515.4315345831,52.23701598937819,1.4614552974725363
EST,412744.6143154397,329547.98364156316,52.86326808861827,-1.8121411818867337
EXE,293494.094133654,92422.7877086554,50.721637905854365,-3.5101801960233034
FAL,288415.8160135678,679712.2205233051,55.9973385792463,-3.7906426239200135
FAR,454674.7110802186,106189.2920452157,50.852644251957564,-1.2246651081052677
FEN,539785.286722012,298106.6135183009,52.56284099450951,0.06077129702426386
FIF,330358.13839719846,704613.4610596192,56.22895265329802,-3.124865175153842
FLN,322430.57514012017,369610.27517844865,53.217861682705156,-3.1631503565176087
FMO,43329.5655016295,519166.0689866999,54.44226626459814,-7.5037843639102775
FOE,366326.9478601273,214536.516622051,51.82842259072888,-2.490024602302281
FYL,339338.716072895,432370.0920485183,53.78410265875071,-2.922134571850851
GAT,420416.4341506565,560123.2112995083,54.93536850385511,-1.68288722444967
GED,459163.03160786314,348260.7967818584,53.0283720364206,-1.1193100379301255
GLG,259070.34373787342,665039.200275686,55.8578800002401,-4.253118581414496
GLO,383546.6924003128,216780.31146761824,51.8493723721493,-2.240264625405542
GOS,459324.45139257534,100965.12575948973,50.80521366437385,-1.1594623668753503
GRA,566678.8052656711,170065.66038383232,51.40512703767118,0.39499417069025533
GRE,542854.3468682049,177054.93982967857,51.4744274931101,0.055538161018499434
GRT,500487.3925431753,150830.00962214862,51.247800046905205,-0.5616455425566013
GRY,647812.3622107056,311068.4324099499,52.64071397218977,1.6613932629944517
GWN,263919.53201553796,334943.7028254628,52.89466626919157,-4.024291228581977
HAA,471259.8522096427,104804.52438249593,50.83839140330427,-0.9893616983732988
HAE,444424.83095971687,488118.81593921664,54.28677656243506,-1.3190888600396575
HAG,426567.94849348295,463538.03120802634,54.067101203166125,-1.595539316543793
HAL,352241.5986715354,383224.5695033832,53.343749127057876,-2.7187968167209267
HAO,467369.7106808477,293956.5400008731,52.53930968542712,-1.0081235595032996
HAR,545591.7114154953,209844.19024056682,51.76834906508002,0.10853945779275181
HAS,580961.6617640033,110909.79250027136,50.86936430105753,0.5704333476891782
HAT,476987.1120235936,154540.7521957785,51.28481209348983,-0.8974720055823764
HAV,554005.4045253667,187249.83331725004,51.56310267262673,0.22042645567675295
HCK,534371.4361489255,185485.82663859447,51.5522665818894,-0.06331749164937539
HEF,349071.840879879,245278.0780572689,52.10347883030481,-2.744959614405347
HER,518946.392925261,199011.47926610595,51.67728467984929,-0.28109663686502684
HIG,408484.58156899817,386239.6254927762,53.372950278578095,-1.8739385921869003
HIL,507889.82691348117,183652.66659441232,51.54147044642415,-0.44566079430860983
HIN,441325.808493993,302252.984067934,52.616482568961686,-1.3910550819741438
HLD,234361.2462748774,857037.4321290542,57.572938837690465,-4.771390780396751
HMF,523610.4393954403,178839.41305281883,51.4949927649953,-0.2207719071711307
HNS,513585.09110003937,175657.52936719658,51.46849560622163,-0.3661443451475518
HOR,514745.7220205199,122865.71076838906,50.9937591191289,-0.36633274993016274
HPL,448104.99183553155,530691.8585137166,54.66901341559927,-1.2556506582605669
HRW,514986.4905958655,190066.65123207573,51.59771706028117,-0.3412773418992901
HRY,531200.905154773,189643.22323543837,51.59037232946937,-0.10746876358416074
HUN,521221.01292657,276552.6662763533,52.37361380138098,-0.22077355063484302
HYN,374399.16955913854,429213.8328356373,53.758647333424946,-2.389783220437551
IOS,90333.86829931352,13020.532664340468,49.93693291412038,-6.31716764074166
IOW,449800.38128931687,86470.2722594334,50.67577165621564,-1.2965662288145057
IPS,616726.8933191309,244433.49689456704,52.05587722579369,1.1597791053592093
ISL,531129.0355859778,184979.89262019796,51.54848221969582,-0.11024424666216803
IVC,228641.34723678962,671321.514345774,55.904406515218646,-4.7426698855472
KEC,525575.8167382606,179578.9091069857,51.501205894607146,-0.19221255598159262
KHL,509838.39902059134,430569.57968357863,53.75991316350947,-0.3353759470650819
KIN,566927.1492111844,317197.32798196084,52.72666055953495,0.4704627975480463
KIR,415751.2729488411,414562.05618879566,53.627356555766546,-1.7633073129732295
KTT,519297.8891504231,166819.69083472269,51.3878908166727,-0.2869109309220782
KWL,344675.08737278666,392358.2648345459,53.42510056509252,-2.8340373463358604
LAC,353323.01436402596,463909.1511667002,54.06899091108889,-2.7147441247307293
LBC,137771.85057879137,520105.4701292073,54.508224947681384,-6.052439836045327
LBH,530839.8059342558,174440.12676640807,51.453832641569974,-0.11831857006121212
LCE,459074.03593728866,304819.37923577795,52.63791436295297,-1.1284852021980178
LDS,432613.8952584443,436721.70265276317,53.825746398732534,-1.5060163670096938
LEE,541144.2461999599,111094.72449710574,50.88211278481139,0.0050472081215972055
LEW,537667.1305054466,174001.30015995164,51.44827189612524,-0.020290474762275988
LIC,496570.6562412482,370716.4570176727,53.224726596663416,-0.5549528877639138
LIF,413283.82682770136,310071.1790289513,52.68816933012296,-1.8049153153682351
LIV,339119.38678333245,389127.6012825838,53.39545214823893,-2.9170076302903047
LND,532461.8983377353,181223.09589533397,51.51441102660022,-0.09244483576291931
LUT,508435.37981822836,222912.63671374644,51.89422510635098,-0.4255902906491061
MAI,580248.808155898,151587.40518470798,51.23499792568907,0.5805525642337146
MAL,592427.1498525635,204859.704832185,51.70946298483719,0.7837736768980289
MAN,384655.48806160333,394994.62113233795,53.451484399071376,-2.232523760278534
MAS,455393.75929967774,364052.86150112597,53.170715028402626,-1.1727869590669462
MAV,376531.2608567267,253890.34462556618,52.18275809360506,-2.344665290528057
MDB,450403.2372586813,516635.1815911205,54.54247730105055,-1.2224301963881252
MDE,290591.0617029166,109683.78711731778,50.87626122180575,-3.5564376935398427
MDW,578734.3196141587,172762.89644441445,51.42568733548925,0.5694971675887868
MEA,137001.1746533908,561001.7849268625,54.87441176281391,-6.101175479067467
MEL,477218.2880516354,322703.82698613533,52.7963818963887,-0.8562185505692235
MEN,362044.20957472164,144996.6836616507,51.202912596699825,-2.5446553195163015
MIK,486878.37197536987,243584.21023469596,52.08380485083678,-0.7335406531338609
MLN,330543.78884020256,660445.9154652724,55.832226052427444,-3.110419511404608
MOL,517085.2548631427,147228.25730223875,51.212265072976855,-0.32511597484462146
MON,340232.12189977546,206926.1286063015,51.757817665296166,-2.8673289656210446
MRT,525475.9854766323,169422.28660724295,51.409949771281255,-0.19724970788472188
MRY,324079.4957298888,843516.2001139079,57.47551885814466,-3.2676127649761075
MSS,531460.5587967559,126276.61623604292,51.02084271183233,-0.127051760355822
MSU,611204.1224703415,265465.55512629217,52.24682143715788,1.0924171532506421
MTY,306120.3434580357,205569.93890425167,51.7409417555976,-3.3610566541255356
MUL,90794.26750276599,535702.9987597433,54.62145558190882,-6.791954861909178
NAY,212568.33838029226,643693.3499506603,55.65051510261038,-4.980403025937783
NBL,395879.5995845997,594148.0851087862,55.24151150527719,-2.066344577613037
NDE,265954.8624960617,131794.607108006,51.06978385051636,-3.9145687175347135
NEA,472386.8035144372,359075.97737523564,53.12395037675062,-0.919744263646954
NEC,378693.42831074627,344024.7738966578,52.99312382296081,-2.3188747366715643
NED,436930.37863610394,370006.80213852366,53.225828819048274,-1.4482879259234107
NEL,523779.84879551944,406878.878235537,53.54396890653521,-0.1334450838832542
NET,421983.55845527735,568176.1000453026,55.007665855161406,-1.6578151401098318
NEW,426508.48209103354,106621.36365706167,50.858500864443165,-1.6247467480107955
NGM,455412.67089326226,340674.4644964026,52.96058496357692,-1.1765203961802526
NHE,524280.5419809546,230498.86117807042,51.95909310896309,-0.19270263082447367
NKE,504195.80718444556,354890.3546371811,53.081080450112545,-0.4459259511085638
NLK,278202.5996037765,666338.1960130875,55.87475978596661,-3.948252514371431
NLN,493253.1637015638,411782.342051688,53.59433045478272,-0.5924994160699526
NMD,135013.6134161358,489920.850132624,54.23620777435572,-6.068048475169934
NNO,613536.9142221534,332816.0508912408,52.850478719053605,1.169832919933645
NNT,493522.73253156315,281721.43906816613,52.4254910202681,-0.6260540289278053
NOW,622251.1384344816,308845.78905744303,52.63182972149827,1.2828005617621487
NSM,344367.89117719117,165872.29509102466,51.38915163648218,-2.80090053012489
NTL,279560.2366451627,199320.8876741323,51.67969810669963,-3.743393310052332
NTY,430946.15574310505,570496.2738545671,55.02804006958644,-1.5174373649112256
NUN,435676.4972732344,289376.4224081059,52.50112854434047,-1.475871450924939
NWA,425319.33548647206,294468.26727037516,52.54747975379731,-1.6280546081110756
NWL,440247.9205447119,317443.98661867087,52.753117671347546,-1.4051226190041084
NWM,541441.9958352201,182853.47393839256,51.526886381590614,0.03753866121326903
NWP,333443.1419004502,186538.07367752257,51.573763335641985,-2.961784427264961
OAD,461518.76393926213,299200.43036055705,52.587136604814404,-1.093407297198589
OLD,396741.57171860285,406140.9132594514,53.55188769653417,-2.0506522949759414
ORK,340631.2510794884,1016258.2803476893,59.0292189857522,-3.035967202125362
OXO,452490.68454600644,206483.04580199873,51.75458662912317,-1.2409629446598192
PEM,201237.27784733652,221167.49135463763,51.85361271308664,-4.8874878412673155
PEN,387936.0907778093,441046.9529417051,53.8654942803231,-2.184930376363977
PKN,288342.30089338403,742974.0228923663,56.56539997782566,-3.8185965955770986
PLY,249408.02947355757,56802.59269506702,50.39176951409318,-4.119918213858042
POR,465017.1475414856,102726.73286117721,50.820443144760695,-1.0783733601449068
POW,304004.2248493771,270452.3678004959,52.32374313739421,-3.4099252669157294
PRE,354159.77321721805,435282.40416043653,53.81179567279308,-2.6976517287341424
PTE,518387.8215418015,302630.0362194489,52.608558278657654,-0.25310869859049606
RCC,463375.4700738908,518036.41155942436,54.55361374426194,-1.0216463800188331
RCH,389654.1521024958,413345.7278635026,53.616552953932896,-2.157867863164438
RCT,300778.96252996376,195591.17691699447,51.65032801751036,-3.4355485198493376
RDB,543914.779843469,189463.35841279876,51.58565515490228,0.07586243767054188
RDG,470705.9092445022,173155.7525468971,51.452978829455255,-0.9838249955738518
RED,403381.02830515226,264905.86253822886,52.282285775788075,-1.9518603046635186
REI,526280.8102820578,152000.80546210927,51.25320046246119,-0.19185370000766502
RFW,240901.18172808198,664547.3548260326,55.84781130287702,-4.542804587399403
RIB,370878.39845567977,445765.3751775144,53.90722086891195,-2.444757406174562
RIC,517385.4368989303,172877.43214300013,51.44273435613829,-0.31237887238155443
RIH,404365.3671346744,496226.1732685941,54.36154156116506,-1.9343270278799078
ROC,594690.9393669333,191796.41933315288,51.5913692358925,0.8092313242624706
ROH,578427.2125500618,119984.12126845878,50.95167126903685,0.5388853106819421
ROS,382447.3381783034,421963.39267197845,53.693815650101136,-2.2672994340454737
ROT,447551.63081882265,390437.5473053395,53.40861794874484,-1.2861506496818964
RUG,445815.05588587944,276471.02288456284,52.38436142746108,-1.3282942441215568
RUH,486073.6155821776,153420.604068523,51.27344347116592,-0.7674814485895685
RUN,501583.9732045878,167092.52326859973,51.39378704378514,-0.5413102987601235
RUS,464824.0807588565,334145.2135592501,52.90084728346744,-1.0377351216002713
RUT,491087.9256213932,307849.36928588885,52.660723515404264,-0.6546906156552161
RYE,474968.6287154448,480025.2803358607,54.21049237630077,-0.8520074607323913
SAL,514462.0508224896,209453.51355254275,51.77206179611826,-0.3424945557328514
SAW,399488.1379861022,290838.0179739327,52.51542732389113,-2.0089727073026205
SAY,229234.9771250383,600422.3350857935,55.26828180012146,-4.689288818670376
SCA,542424.9963714556,254767.2011516704,52.172789667729496,0.08130038876734018
SCB,350385.7302931281,631680.4695870992,55.57624166331704,-2.788466844560002
SCE,488787.00932048855,497632.60127212916,54.36648447856128,-0.6349710863987603
SDE,429772.3386368367,326031.965333251,52.83099328958791,-1.5595452850429505
SEG,333499.03339682444,143236.7592139458,51.18447404125414,-2.9528578456540346
SEL,457108.98561322415,432650.5775833101,53.787051129139556,-1.134680467696615
SEV,551595.5146955679,155158.33688306878,51.275410311889445,0.17197231909890845
SFT,332871.5535926212,408120.10509868426,53.565379666137886,-3.0150163188835437
SGC,367467.183371991,183211.9889389231,51.54685567791893,-2.470548927985032
SHA,270467.3417603208,54269.07312414977,50.37401807021486,-3.8229495551012764
SHE,609935.646992631,132547.99101827372,51.05388988809265,0.9941241130735335
SHF,429989.7174345604,389826.8128788663,53.404414824659426,-1.5503791233657962
SHN,352051.0403091977,396102.05801075837,53.45947263436788,-2.723620581605936
SHO,532764.6148622385,324036.0990510801,52.79755782143779,-0.03229079365245144
SHR,350418.86495350575,304381.0335492704,52.634901436081904,-2.7340529727893923
SKE,499899.8005673371,329561.5616363478,52.854291061054916,-0.5178425812889288
SKP,391578.1826571476,388577.4569447988,53.39396134376089,-2.1281087510071095
SLA,344766.2414618844,488897.22907641134,54.29269551722641,-2.850076833295411
SLF,375535.0325006491,399266.9684154424,53.489538878993585,-2.370190747760747
SLG,498212.56552106614,179777.12806141656,51.50839941899477,-0.5862346624400908
SLK,286049.5550833778,636938.1677391543,55.61265257952427,-3.8106358552255366
SND,435260.85108052066,554097.6330408577,54.88039884797817,-1.4519528337468801
SNO,622383.4573378568,295787.1382548488,52.514573225460154,1.2759971896441038
SOL,418660.8761916278,279492.4212044574,52.41311661030625,-1.72707700885167
SOS,589327.6508002569,185656.05577328493,51.5380480893345,0.7285960419883633
SOX,464365.18255940476,193179.26174490913,51.63374964788932,-1.0714082144457044
SPE,506613.2842727526,170645.68245592638,51.424802538057314,-0.46798353862199393
SRI,353240.7513445097,425982.31019450974,53.728130881937396,-2.7101949607258167
SSO,350269.81871301675,121212.06506996372,50.98814960077109,-2.7098903415687086
SST,388128.5641840545,303085.2720999046,52.625395967502556,-2.1768091357354185
STA,388210.546364574,327864.7560428747,52.84815351076732,-2.176496812156425
STE,389059.9594490772,346759.3171746456,53.01801915652019,-2.164528346517783
STF,401353.04693958745,353565.6805216996,53.07931489402547,-1.9812540314568645
STG,255068.77427515443,708184.2697503398,56.24401437844241,-4.3403403236084985
STH,442364.72474818275,113231.3292926528,50.916995975130064,-1.3987136954844515
STN,526977.145666796,164133.54089434395,51.3620855396189,-0.17756640876119295
STO,379366.756126743,203437.08667988997,51.72926513796569,-2.3001477316823817
STR,425886.65143335576,253459.379477409,52.17878573484992,-1.6228389374606134
STT,443488.539303198,518819.03880589525,54.56274136506493,-1.3289799551794848
STV,524663.697789374,224412.64876731188,51.90431488961615,-0.18933233517140385
STY,435681.5004807677,563352.214644302,54.963529379258155,-1.4442525346180826
SUR,492695.19120611734,161265.7012834895,51.34292838653733,-0.6705485787139046
SWA,257468.7360706287,195659.54834449518,51.64162397255502,-4.061216564007324
SWD,417851.970557509,185880.87413141696,51.57151810657135,-1.7438128296153605
SWK,533855.2121232097,176788.24625388675,51.47422966724584,-0.07405806319795526
SWL,596033.6561479886,164043.23189997085,51.341663459335244,0.8132109078565494
SWT,304662.8767795264,132837.91571501052,51.08690620041343,-3.362575880275063
TAM,395928.4993237169,397862.45473580965,53.4774719308123,-2.0628138408514944
TAN,536717.0864268404,149356.42879675605,51.227032135667436,-0.04340663887930203
TAW,421903.7592660434,303234.0211596325,52.62642824611261,-1.6778453302279788
TEI,282860.7617645163,79819.98758968028,50.60630324730937,-3.6567601373806737
TEN,614538.446334716,223779.82402960229,51.871311861448746,1.1150187816535675
TES,434339.7640435711,136686.65740279088,51.12843513028244,-1.5106533666804722
TEW,394086.242087856,227461.13122290222,51.94561525069175,-2.087444553424355
TFW,367088.90512237157,314840.4550513024,52.73019498472236,-2.488795247370711
THA,632688.8442814922,167014.5749740654,51.35452755402557,1.3405526776616787
THE,506574.10472493374,196919.9495741699,51.66096739604641,-0.4605986783132673
THR,564799.965533968,181231.06352617458,51.505983719107014,0.37320461752681716
TOB,291435.3480340161,61204.93006796201,50.44061869226964,-3.530209751050475
TOF,327292.491443525,200507.89378496012,51.69858737828872,-3.053426963217659
TON,564564.7990752233,155358.98792216938,51.27361808281248,0.3578371539074972
TOR,241783.5323613074,112178.07828299633,50.88736572271978,-4.250752838311364
TRF,376480.6008163104,391413.8657450754,53.41899614581493,-2.355349824146495
TUN,570240.896461159,137821.4154184116,51.114397728263334,0.4308246609848656
TWH,536466.4312315142,181476.75012602482,51.51573818572293,-0.03467218586260698
UTT,556829.3509831955,228687.32837679583,51.934600291697556,0.2798048205628903
VAL,438739.0404356947,192972.33020782733,51.634232492682536,-1.441668489615587
VGL,302858.81336741365,172679.97498050582,51.444749875523975,-3.3991624767096473
WAE,495733.2904734151,139840.60537010647,51.14982918794226,-0.6326661735782123
WAT,510516.2186558139,197796.2394117007,51.66808270756288,-0.40335198772597625
WAW,428413.31885902176,268068.9040602755,52.31000275720905,-1.5846650870745134
WBK,448431.99968477886,172522.9584964674,51.44962857579953,-1.3044355561501662
WDE,255456.9849211144,86044.09161564615,50.65609002591485,-4.04621752405215
WDU,243034.00425239108,679739.7580153376,55.98487953481324,-4.517602955341643
WEA,554479.9728158296,120962.30930886902,50.9673719495783,0.19865389657426977
WEW,524715.5581491442,209121.43773467638,51.766889379106225,-0.194085120862033
WFT,537758.7587237677,190222.8854486575,51.59401737791972,-0.012636554947292183
WGN,361015.11766437837,403215.47949653055,53.524149248790835,-2.5895088338917263
WIL,403958.6240843157,155333.53874487962,51.297115798627644,-1.9446078820847221
WIN,454721.49592674663,125710.51379115073,51.02816492320124,-1.2210742604741773
WKF,438967.057545316,418403.57600336923,53.66067508359946,-1.41180773208405
WLA,341712.82255867484,412916.88004431437,53.609547678919114,-2.882442248374857
WLI,501368.5116640891,389515.6534793886,53.39275474553512,-0.4771146577781644
WLL,402376.4021077507,300163.316787359,52.59925591878938,-1.9663478518550048
WLN,301655.0227153155,666879.6611069907,55.88498410959091,-3.573788743330956
WLV,391900.1868329452,299050.0474488124,52.589190505434544,-2.1209914536604693
WND,526129.4056512169,174113.3421526356,51.45196377489889,-0.18619077215026095
WNM,490398.6166019341,177103.92141974714,51.485672084666355,-0.6994783215974161
WNT,465924.56471545144,258727.69503512495,52.22282021010607,-1.0363450240300478
WOC,385652.6369725469,255405.3031965942,52.19669266240832,-2.2113242238771473
WOI,500404.4723529039,158179.4623117867,51.313878625625634,-0.5607701174785087
WOK,477692.995839349,170635.2848258043,51.42940595634225,-0.8838421855036014
WOT,513074.68137426703,104522.51223652906,50.82920555902215,-0.39581200205555533
WOX,434069.54597961117,215555.0568220038,51.837569801832274,-1.5069302321893132
WRL,327392.18129811593,386276.30269022525,53.36834283944602,-3.0926764439988625
WRT,362620.7825613887,389257.2006089149,53.3988088671587,-2.5636258674832293
WRX,331771.61301332293,344144.4514463178,52.9902689915248,-3.0178639598391332
WSK,578977.6446908877,267634.05744637334,52.27771279713101,0.6220783109865008
WSM,527745.7027203797,180994.51256780876,51.51344188347725,-0.16045571852604013
WYC,396620.98797015776,251769.8776692725,52.164187305082095,-2.0508165247517955
WYE,381400.3117654424,275762.23270757776,52.379576535845764,-2.2746669467561076
WYR,343995.1547782429,445536.25594272424,53.90294826807342,-2.8538780073821868
YOR,461681.00381041743,451811.1152174798,53.95871937684785,-1.0614497156516967
ZET,441213.07448182564,1168115.768293884,60.39486075636963,-1.2540216979757515
CAM,541144.3291056119,272275.896301034,52.33042455105452,0.06989690593092276
CMA,334097.64289768954,514515.70778729446,54.52162675715457,-3.01965259637251
DBY,429275.8755203179,354535.5094583083,53.08723783838844,-1.5643477517812396
DEV,318679.41265872796,171415.52357353302,51.435878796258194,-3.171283841800086
DOR,276664.0517624186,67044.53035691503,50.490189362808415,-3.74005580438028
ESS,566637.4302265708,196122.02753097806,51.63921739963279,0.4067128387376673
ESX,562977.9759841529,112560.89611994188,50.88954582009565,0.31582235445591156
GLA,530610.3049625406,180055.90300589977,51.50435262657657,-0.11954507366284442
GLS,486350.63423012523,217831.05364066924,51.85240292931533,-0.7477084584810338
GMCA,382017.4658409759,401421.92033384566,53.50917111051714,-2.2726169267524297
HAM,465044.38761331217,120551.6844512215,50.98070818930823,-1.0748168163005136
HRT,489371.71078620985,172067.89782743895,51.44056498086039,-0.7155351399374271
KEN,545422.1503704168,181687.87468041288,51.51540296403236,0.09439256945084915
LAN,480953.3303070322,290299.9646115561,52.50459775641204,-0.8087773536671569
LCR,341391.8080045982,392534.81690336345,53.42633200844039,-2.8834732777352614
LEC,417705.45017944486,372051.9904467394,53.24519682264041,-1.7361347407069379
LIN,506019.4962785295,344964.26926108135,52.991529220536705,-0.42197146056915835
NECA,425443.74642900063,552741.2744745414,54.868803977649705,-1.6050762550747883
NFK,598794.8217091458,321819.8159981839,52.757398742543245,0.9445418332840453
NTCA,416269.771260994,577606.819669552,55.09262845276407,-1.746616471403686
NTT,462844.5714228797,371543.2589140966,53.237210248136726,-1.0598693750068051
NYK,432688.8157177877,470908.5637935453,54.13299077978593,-1.501223461888315
OXF,451494.3852210511,236604.44497425962,52.025473258887544,-1.2509078895337504
SCR,442158.6843599647,397599.86002897914,53.47344959629804,-1.3663137051626304
SFK,528404.5190543735,287232.25655187946,52.467936899903265,-0.11121638021792367
SOM,348604.35389485426,136481.83598185342,51.12529971400356,-2.7357901367778745
SRY,502305.5418977188,161874.4515393565,51.34675381230791,-0.5324429701602681
STS,398608.7880450003,316837.8372110943,52.74915681209898,-2.0220493344726065
TVCA,446882.3133258623,520264.81545511074,54.5754309499998,-1.2762709791286553
WAR,475812.52606702846,213171.32487541848,51.81204390359955,-0.9016945807738475
WOR,408925.58897932724,240263.93101501706,52.060683848889184,-1.8712255435907792
WSX,512663.2233723845,118855.60666836017,50.95812431783775,-0.39723565127773225
WYCA,419768.74855421775,426677.24838703376,53.73611262764813,-1.7017944284322835
